[{"model": "blog.post", "pk": 20, "fields": {"title": "Goa trip", "content": "Had an amazing trip with loads of fun.\r\nAt calangute beach..", "date_posted": "2021-02-01T20:27:08.725Z", "author": 1, "image": "uploads/WhatsApp_Image_2021-01-18_at_2.48.09_PM.jpeg"}}, {"model": "blog.post", "pk": 21, "fields": {"title": "The Snake Slayer", "content": "Clicked at Jim Corbett National Park\r\nCrested Serpent Eagle feeding on a termite hill...", "date_posted": "2021-02-01T20:31:53.572Z", "author": 1, "image": "uploads/Screenshot_2021-02-02_Chaitanya_Hardikar__chaitanya_hardikar__Instagram_photos_a_DY5v0Dk.png"}}, {"model": "blog.post", "pk": 22, "fields": {"title": "Madison, Wisconsin", "content": "This photo features the Capitol building", "date_posted": "2021-02-01T21:21:44.128Z", "author": 12, "image": "uploads/20210129_153924.jpg"}}, {"model": "blog.post", "pk": 23, "fields": {"title": "Riot of Colours", "content": "Fan throated Lizard (Male) displaying it's colourful fan \r\n@ mahatma hill, Pune", "date_posted": "2021-02-01T21:30:46.700Z", "author": 1, "image": "uploads/Screenshot_2021-02-02_Chaitanya_Hardikar__chaitanya_hardikar__Instagram_photos_a_KAYs2f9.png"}}, {"model": "blog.post", "pk": 24, "fields": {"title": "A Quote", "content": "Life before death\r\nStrength before weakness\r\nJourney before destination\r\n\r\n— Brandon Sanderson, The Way of Kings", "date_posted": "2021-02-02T02:36:08.806Z", "author": 13, "image": ""}}, {"model": "blog.post", "pk": 27, "fields": {"title": "What is Life?", "content": "It is the combination of ups and downs with everything in a limited manner.", "date_posted": "2021-02-02T03:25:55.544Z", "author": 19, "image": "uploads/FB_IMG_16112940049579581.jpg"}}, {"model": "blog.post", "pk": 29, "fields": {"title": "An unforgettable trip ❤️", "content": "Life is Good :-)", "date_posted": "2021-02-02T04:05:05.725Z", "author": 15, "image": "uploads/IMG_20210118_120016.jpg"}}, {"model": "blog.post", "pk": 30, "fields": {"title": "Congrats virat", "content": "Don't like the name tho", "date_posted": "2021-02-02T04:12:31.352Z", "author": 18, "image": "uploads/IMG-20210201-WA0006.jpg"}}, {"model": "blog.post", "pk": 31, "fields": {"title": "Somewhere in Pune", "content": "Memories👉👈🥰", "date_posted": "2021-02-02T04:58:08.463Z", "author": 23, "image": "uploads/IMG-20210110-WA0043.jpg"}}, {"model": "blog.post", "pk": 32, "fields": {"title": "Technocrats", "content": "A small family with big hearts❤️", "date_posted": "2021-02-02T11:56:19.077Z", "author": 26, "image": "uploads/IMG_20210202_172510.jpg"}}, {"model": "blog.post", "pk": 33, "fields": {"title": "HAH", "content": "Left me hardikar right me hardikar \r\n@nitw #majdoors 😂", "date_posted": "2021-02-02T12:02:00.586Z", "author": 26, "image": "uploads/IMG_20210103_142214_747.jpg"}}, {"model": "blog.post", "pk": 34, "fields": {"title": "This website works with DuckDuckGo too!", "content": "https://en.m.wikipedia.org/wiki/DuckDuckGo", "date_posted": "2021-02-02T17:41:50.558Z", "author": 27, "image": "uploads/DuckDuckGo_Logo.jpg"}}, {"model": "blog.post", "pk": 36, "fields": {"title": "Never mess-up with this guy !! I said Never..", "content": "The Professor 😎", "date_posted": "2021-02-03T17:52:50.008Z", "author": 33, "image": "uploads/2187146.jpg"}}, {"model": "users.profile", "pk": 2, "fields": {"user": 1, "image": "profile_pics/WAdp.jpg"}}, {"model": "users.profile", "pk": 12, "fields": {"user": 12, "image": "default.jpg"}}, {"model": "users.profile", "pk": 13, "fields": {"user": 13, "image": "default.jpg"}}, {"model": "users.profile", "pk": 14, "fields": {"user": 14, "image": "default.jpg"}}, {"model": "users.profile", "pk": 15, "fields": {"user": 15, "image": "default.jpg"}}, {"model": "users.profile", "pk": 16, "fields": {"user": 16, "image": "default.jpg"}}, {"model": "users.profile", "pk": 17, "fields": {"user": 17, "image": "default.jpg"}}, {"model": "users.profile", "pk": 18, "fields": {"user": 18, "image": "default.jpg"}}, {"model": "users.profile", "pk": 19, "fields": {"user": 19, "image": "default.jpg"}}, {"model": "users.profile", "pk": 20, "fields": {"user": 20, "image": "default.jpg"}}, {"model": "users.profile", "pk": 21, "fields": {"user": 21, "image": "default.jpg"}}, {"model": "users.profile", "pk": 22, "fields": {"user": 22, "image": "default.jpg"}}, {"model": "users.profile", "pk": 23, "fields": {"user": 23, "image": "profile_pics/20201229_124532.jpg"}}, {"model": "users.profile", "pk": 24, "fields": {"user": 24, "image": "default.jpg"}}, {"model": "users.profile", "pk": 25, "fields": {"user": 25, "image": "default.jpg"}}, {"model": "users.profile", "pk": 26, "fields": {"user": 26, "image": "profile_pics/org.picseditor.blurbackground_2021129161742357.png"}}, {"model": "users.profile", "pk": 27, "fields": {"user": 27, "image": "default.jpg"}}, {"model": "users.profile", "pk": 28, "fields": {"user": 28, "image": "default.jpg"}}, {"model": "users.profile", "pk": 29, "fields": {"user": 29, "image": "default.jpg"}}, {"model": "users.profile", "pk": 30, "fields": {"user": 30, "image": "default.jpg"}}, {"model": "users.profile", "pk": 31, "fields": {"user": 31, "image": "default.jpg"}}, {"model": "users.profile", "pk": 32, "fields": {"user": 32, "image": "default.jpg"}}, {"model": "users.profile", "pk": 33, "fields": {"user": 33, "image": "default.jpg"}}, {"model": "users.profile", "pk": 34, "fields": {"user": 34, "image": "default.jpg"}}, {"model": "users.profile", "pk": 35, "fields": {"user": 35, "image": "default.jpg"}}, {"model": "admin.logentry", "pk": 1, "fields": {"action_time": "2020-11-25T13:50:06.704Z", "user": 1, "content_type": 8, "object_id": "1", "object_repr": "self.user.username Profile", "action_flag": 1, "change_message": "[{\"added\": {}}]"}}, {"model": "admin.logentry", "pk": 2, "fields": {"action_time": "2020-11-25T13:58:35.913Z", "user": 1, "content_type": 8, "object_id": "1", "object_repr": "self.user.username Profile", "action_flag": 3, "change_message": ""}}, {"model": "admin.logentry", "pk": 3, "fields": {"action_time": "2020-11-25T13:59:27.573Z", "user": 1, "content_type": 8, "object_id": "2", "object_repr": "self.user.username Profile", "action_flag": 1, "change_message": "[{\"added\": {}}]"}}, {"model": "admin.logentry", "pk": 4, "fields": {"action_time": "2020-11-25T17:47:09.878Z", "user": 1, "content_type": 8, "object_id": "3", "object_repr": "self.user.username Profile", "action_flag": 1, "change_message": "[{\"added\": {}}]"}}, {"model": "admin.logentry", "pk": 5, "fields": {"action_time": "2020-11-26T07:16:59.773Z", "user": 1, "content_type": 4, "object_id": "3", "object_repr": "test2", "action_flag": 1, "change_message": "[{\"added\": {}}]"}}, {"model": "admin.logentry", "pk": 6, "fields": {"action_time": "2020-11-26T07:19:03.096Z", "user": 1, "content_type": 8, "object_id": "4", "object_repr": "self.user.username Profile", "action_flag": 1, "change_message": "[{\"added\": {}}]"}}, {"model": "admin.logentry", "pk": 7, "fields": {"action_time": "2020-12-23T06:36:24.396Z", "user": 1, "content_type": 4, "object_id": "2", "object_repr": "TestUser", "action_flag": 2, "change_message": "[{\"changed\": {\"fields\": [\"password\"]}}]"}}, {"model": "admin.logentry", "pk": 8, "fields": {"action_time": "2020-12-23T10:50:11.395Z", "user": 1, "content_type": 4, "object_id": "5", "object_repr": "sanika", "action_flag": 3, "change_message": ""}}, {"model": "admin.logentry", "pk": 9, "fields": {"action_time": "2020-12-23T10:50:11.410Z", "user": 1, "content_type": 4, "object_id": "6", "object_repr": "test5", "action_flag": 3, "change_message": ""}}, {"model": "admin.logentry", "pk": 10, "fields": {"action_time": "2020-12-27T16:44:04.330Z", "user": 1, "content_type": 7, "object_id": "12", "object_repr": "I hate chibu", "action_flag": 3, "change_message": ""}}, {"model": "admin.logentry", "pk": 11, "fields": {"action_time": "2020-12-27T16:44:26.889Z", "user": 1, "content_type": 7, "object_id": "13", "object_repr": "The big short", "action_flag": 2, "change_message": "[{\"changed\": {\"fields\": [\"Author\"]}}]"}}, {"model": "admin.logentry", "pk": 12, "fields": {"action_time": "2021-02-01T19:19:05.366Z", "user": 1, "content_type": 4, "object_id": "11", "object_repr": "archit", "action_flag": 3, "change_message": ""}}, {"model": "admin.logentry", "pk": 13, "fields": {"action_time": "2021-02-01T19:19:05.451Z", "user": 1, "content_type": 4, "object_id": "10", "object_repr": "chibu", "action_flag": 3, "change_message": ""}}, {"model": "admin.logentry", "pk": 14, "fields": {"action_time": "2021-02-01T19:19:05.529Z", "user": 1, "content_type": 4, "object_id": "8", "object_repr": "mitali", "action_flag": 3, "change_message": ""}}, {"model": "admin.logentry", "pk": 15, "fields": {"action_time": "2021-02-01T19:19:05.602Z", "user": 1, "content_type": 4, "object_id": "7", "object_repr": "sanika", "action_flag": 3, "change_message": ""}}, {"model": "admin.logentry", "pk": 16, "fields": {"action_time": "2021-02-01T19:19:05.678Z", "user": 1, "content_type": 4, "object_id": "9", "object_repr": "shivanshuman", "action_flag": 3, "change_message": ""}}, {"model": "admin.logentry", "pk": 17, "fields": {"action_time": "2021-02-01T19:32:08.853Z", "user": 1, "content_type": 7, "object_id": "18", "object_repr": "cccc", "action_flag": 3, "change_message": ""}}, {"model": "admin.logentry", "pk": 18, "fields": {"action_time": "2021-02-01T19:32:08.947Z", "user": 1, "content_type": 7, "object_id": "15", "object_repr": "Last post", "action_flag": 3, "change_message": ""}}, {"model": "admin.logentry", "pk": 19, "fields": {"action_time": "2021-02-01T19:32:09.033Z", "user": 1, "content_type": 7, "object_id": "13", "object_repr": "The big short", "action_flag": 3, "change_message": ""}}, {"model": "admin.logentry", "pk": 20, "fields": {"action_time": "2021-02-01T19:32:09.117Z", "user": 1, "content_type": 7, "object_id": "11", "object_repr": "Human detector", "action_flag": 3, "change_message": ""}}, {"model": "admin.logentry", "pk": 21, "fields": {"action_time": "2021-02-01T19:32:09.200Z", "user": 1, "content_type": 7, "object_id": "10", "object_repr": "Chibu is my bro", "action_flag": 3, "change_message": ""}}, {"model": "admin.logentry", "pk": 22, "fields": {"action_time": "2021-02-01T19:32:09.285Z", "user": 1, "content_type": 7, "object_id": "9", "object_repr": "New post", "action_flag": 3, "change_message": ""}}, {"model": "admin.logentry", "pk": 23, "fields": {"action_time": "2021-02-01T19:32:09.365Z", "user": 1, "content_type": 7, "object_id": "4", "object_repr": "3rd", "action_flag": 3, "change_message": ""}}, {"model": "admin.logentry", "pk": 24, "fields": {"action_time": "2021-02-01T19:32:09.444Z", "user": 1, "content_type": 7, "object_id": "2", "object_repr": "Second Post updated", "action_flag": 3, "change_message": ""}}, {"model": "admin.logentry", "pk": 25, "fields": {"action_time": "2021-02-01T19:32:09.529Z", "user": 1, "content_type": 7, "object_id": "1", "object_repr": "Post 1", "action_flag": 3, "change_message": ""}}, {"model": "admin.logentry", "pk": 26, "fields": {"action_time": "2021-02-02T03:58:56.318Z", "user": 1, "content_type": 4, "object_id": "2", "object_repr": "TestUser", "action_flag": 3, "change_message": ""}}, {"model": "admin.logentry", "pk": 27, "fields": {"action_time": "2021-02-02T03:58:56.409Z", "user": 1, "content_type": 4, "object_id": "3", "object_repr": "test2", "action_flag": 3, "change_message": ""}}, {"model": "admin.logentry", "pk": 28, "fields": {"action_time": "2021-02-02T03:58:56.485Z", "user": 1, "content_type": 4, "object_id": "4", "object_repr": "test3", "action_flag": 3, "change_message": ""}}, {"model": "admin.logentry", "pk": 29, "fields": {"action_time": "2021-02-02T04:04:25.390Z", "user": 1, "content_type": 7, "object_id": "26", "object_repr": "Cool Chaido ❤️", "action_flag": 3, "change_message": ""}}, {"model": "admin.logentry", "pk": 30, "fields": {"action_time": "2021-02-02T14:04:49.684Z", "user": 1, "content_type": 7, "object_id": "28", "object_repr": "Amitesha patil", "action_flag": 3, "change_message": ""}}, {"model": "admin.logentry", "pk": 31, "fields": {"action_time": "2021-02-02T14:04:49.832Z", "user": 1, "content_type": 7, "object_id": "25", "object_repr": "Pubery hit Chaido hard", "action_flag": 3, "change_message": ""}}, {"model": "auth.permission", "pk": 1, "fields": {"name": "Can add log entry", "content_type": 1, "codename": "add_logentry"}}, {"model": "auth.permission", "pk": 2, "fields": {"name": "Can change log entry", "content_type": 1, "codename": "change_logentry"}}, {"model": "auth.permission", "pk": 3, "fields": {"name": "Can delete log entry", "content_type": 1, "codename": "delete_logentry"}}, {"model": "auth.permission", "pk": 4, "fields": {"name": "Can view log entry", "content_type": 1, "codename": "view_logentry"}}, {"model": "auth.permission", "pk": 5, "fields": {"name": "Can add permission", "content_type": 2, "codename": "add_permission"}}, {"model": "auth.permission", "pk": 6, "fields": {"name": "Can change permission", "content_type": 2, "codename": "change_permission"}}, {"model": "auth.permission", "pk": 7, "fields": {"name": "Can delete permission", "content_type": 2, "codename": "delete_permission"}}, {"model": "auth.permission", "pk": 8, "fields": {"name": "Can view permission", "content_type": 2, "codename": "view_permission"}}, {"model": "auth.permission", "pk": 9, "fields": {"name": "Can add group", "content_type": 3, "codename": "add_group"}}, {"model": "auth.permission", "pk": 10, "fields": {"name": "Can change group", "content_type": 3, "codename": "change_group"}}, {"model": "auth.permission", "pk": 11, "fields": {"name": "Can delete group", "content_type": 3, "codename": "delete_group"}}, {"model": "auth.permission", "pk": 12, "fields": {"name": "Can view group", "content_type": 3, "codename": "view_group"}}, {"model": "auth.permission", "pk": 13, "fields": {"name": "Can add user", "content_type": 4, "codename": "add_user"}}, {"model": "auth.permission", "pk": 14, "fields": {"name": "Can change user", "content_type": 4, "codename": "change_user"}}, {"model": "auth.permission", "pk": 15, "fields": {"name": "Can delete user", "content_type": 4, "codename": "delete_user"}}, {"model": "auth.permission", "pk": 16, "fields": {"name": "Can view user", "content_type": 4, "codename": "view_user"}}, {"model": "auth.permission", "pk": 17, "fields": {"name": "Can add content type", "content_type": 5, "codename": "add_contenttype"}}, {"model": "auth.permission", "pk": 18, "fields": {"name": "Can change content type", "content_type": 5, "codename": "change_contenttype"}}, {"model": "auth.permission", "pk": 19, "fields": {"name": "Can delete content type", "content_type": 5, "codename": "delete_contenttype"}}, {"model": "auth.permission", "pk": 20, "fields": {"name": "Can view content type", "content_type": 5, "codename": "view_contenttype"}}, {"model": "auth.permission", "pk": 21, "fields": {"name": "Can add session", "content_type": 6, "codename": "add_session"}}, {"model": "auth.permission", "pk": 22, "fields": {"name": "Can change session", "content_type": 6, "codename": "change_session"}}, {"model": "auth.permission", "pk": 23, "fields": {"name": "Can delete session", "content_type": 6, "codename": "delete_session"}}, {"model": "auth.permission", "pk": 24, "fields": {"name": "Can view session", "content_type": 6, "codename": "view_session"}}, {"model": "auth.permission", "pk": 25, "fields": {"name": "Can add post", "content_type": 7, "codename": "add_post"}}, {"model": "auth.permission", "pk": 26, "fields": {"name": "Can change post", "content_type": 7, "codename": "change_post"}}, {"model": "auth.permission", "pk": 27, "fields": {"name": "Can delete post", "content_type": 7, "codename": "delete_post"}}, {"model": "auth.permission", "pk": 28, "fields": {"name": "Can view post", "content_type": 7, "codename": "view_post"}}, {"model": "auth.permission", "pk": 29, "fields": {"name": "Can add profile", "content_type": 8, "codename": "add_profile"}}, {"model": "auth.permission", "pk": 30, "fields": {"name": "Can change profile", "content_type": 8, "codename": "change_profile"}}, {"model": "auth.permission", "pk": 31, "fields": {"name": "Can delete profile", "content_type": 8, "codename": "delete_profile"}}, {"model": "auth.permission", "pk": 32, "fields": {"name": "Can view profile", "content_type": 8, "codename": "view_profile"}}, {"model": "auth.user", "pk": 1, "fields": {"password": "pbkdf2_sha256$216000$e5BFKfH7fUfE$ExUgD69TVFnlAOOz3eIxmsKj2W2P3PK38FCJkRYwjwg=", "last_login": "2021-04-01T06:17:16.679Z", "is_superuser": true, "username": "chaitanyahardikar", "first_name": "", "last_name": "", "email": "chaitanyahardikar@gmail.com", "is_staff": true, "is_active": true, "date_joined": "2020-11-24T14:00:09.474Z", "groups": [], "user_permissions": []}}, {"model": "auth.user", "pk": 12, "fields": {"password": "pbkdf2_sha256$216000$SQXSPrHLGb5M$1DqlpQHDjLpS5rFt4yaDKw/nxZ+x63LUt/aUBv7X7N4=", "last_login": "2021-02-01T21:20:09.413Z", "is_superuser": false, "username": "Anusha", "first_name": "", "last_name": "", "email": "anushamehendale@gmail.com", "is_staff": false, "is_active": true, "date_joined": "2021-02-01T21:19:59.898Z", "groups": [], "user_permissions": []}}, {"model": "auth.user", "pk": 13, "fields": {"password": "pbkdf2_sha256$216000$r9h797qoBlPM$1uNx57ecPFtToGOCjp+Kf76EZtE2wUI2ZI/jwPJ1Gvk=", "last_login": "2021-02-02T02:33:19.571Z", "is_superuser": false, "username": "MilkShake", "first_name": "", "last_name": "", "email": "jibraeel.203@gmail.com", "is_staff": false, "is_active": true, "date_joined": "2021-02-02T02:33:10.996Z", "groups": [], "user_permissions": []}}, {"model": "auth.user", "pk": 14, "fields": {"password": "pbkdf2_sha256$216000$TYUmVnu1DXSp$IpTgL3Q1A23UDQfjFP21yf/alpFEZTRi8ZVL3PxkaLk=", "last_login": "2021-02-02T03:03:39.517Z", "is_superuser": false, "username": "anuragh", "first_name": "", "last_name": "", "email": "aahalbe123@gmail.com", "is_staff": false, "is_active": true, "date_joined": "2021-02-02T03:03:27.218Z", "groups": [], "user_permissions": []}}, {"model": "auth.user", "pk": 15, "fields": {"password": "pbkdf2_sha256$216000$1ni0wsFUZcS6$eVO0YfYZXOhhk3aPP5GZgRx4iIqNKxLcMx4Qm1TvFrQ=", "last_login": "2021-02-02T03:07:03.344Z", "is_superuser": false, "username": "anantdesai_7", "first_name": "", "last_name": "", "email": "anantd2001@gmail.com", "is_staff": false, "is_active": true, "date_joined": "2021-02-02T03:06:56.138Z", "groups": [], "user_permissions": []}}, {"model": "auth.user", "pk": 16, "fields": {"password": "pbkdf2_sha256$216000$9OTzwqoMzMRF$ut1IiqFRJ7NQx6NrmqvoiKmtzg/ymFX5v4aot+2ckJY=", "last_login": "2021-02-02T03:07:45.143Z", "is_superuser": false, "username": "lol", "first_name": "", "last_name": "", "email": "admin@gmail.com", "is_staff": false, "is_active": true, "date_joined": "2021-02-02T03:07:32.621Z", "groups": [], "user_permissions": []}}, {"model": "auth.user", "pk": 17, "fields": {"password": "pbkdf2_sha256$216000$VC2tQkjv56Ul$4ZXVlTYTGpY3MVncumCD3rb7OOVCPRxNhZtQnjRcuxA=", "last_login": "2021-02-02T03:09:46.845Z", "is_superuser": false, "username": "mayurigodbole", "first_name": "", "last_name": "", "email": "mayurigodbole03@gmail.com", "is_staff": false, "is_active": true, "date_joined": "2021-02-02T03:09:27.837Z", "groups": [], "user_permissions": []}}, {"model": "auth.user", "pk": 18, "fields": {"password": "pbkdf2_sha256$216000$TtVhXadwpYUc$VFK7ml3Kd7xcL2IEXBCLgAcfc+UbZk6VMlNBDA9WDaU=", "last_login": "2021-02-02T03:18:56.617Z", "is_superuser": false, "username": "Jignes", "first_name": "", "last_name": "", "email": "jignesjoshi@gmail.com", "is_staff": false, "is_active": true, "date_joined": "2021-02-02T03:18:19.968Z", "groups": [], "user_permissions": []}}, {"model": "auth.user", "pk": 19, "fields": {"password": "pbkdf2_sha256$216000$mrlT5bteWWIw$PC0RidBqw/e6Z+17n/41ud6rhzVo7wPQB83GM+M+ujA=", "last_login": "2021-02-02T03:22:50.338Z", "is_superuser": false, "username": "sufiyan", "first_name": "", "last_name": "", "email": "addsufiyan@gmail.com", "is_staff": false, "is_active": true, "date_joined": "2021-02-02T03:22:34.630Z", "groups": [], "user_permissions": []}}, {"model": "auth.user", "pk": 20, "fields": {"password": "pbkdf2_sha256$216000$x8ClUTB7266p$yeGm//fn2RhttKzxTE106A4gRgVf67woMAHHq8Z91sg=", "last_login": "2021-02-02T03:30:18.799Z", "is_superuser": false, "username": "ameya0508", "first_name": "", "last_name": "", "email": "joshiameya0508@gmail.com", "is_staff": false, "is_active": true, "date_joined": "2021-02-02T03:30:04.873Z", "groups": [], "user_permissions": []}}, {"model": "auth.user", "pk": 21, "fields": {"password": "pbkdf2_sha256$216000$DjyDjgBfUwqd$DjAX0TbtyaoUDieTQiNf6Y658bF1UIaduxnNnz1IE5s=", "last_login": "2021-02-02T03:55:24.792Z", "is_superuser": false, "username": "Esha", "first_name": "", "last_name": "", "email": "eshajugade@gmail.com", "is_staff": false, "is_active": true, "date_joined": "2021-02-02T03:55:10.448Z", "groups": [], "user_permissions": []}}, {"model": "auth.user", "pk": 22, "fields": {"password": "pbkdf2_sha256$216000$XmELtzrk2QvS$hbjh89JOmqTLasOwko2fjRps4tY+fliEpuUAl/CuF4w=", "last_login": "2021-02-02T04:02:01.209Z", "is_superuser": false, "username": "AnanyaK", "first_name": "", "last_name": "", "email": "anakh25901@gmail.com", "is_staff": false, "is_active": true, "date_joined": "2021-02-02T04:01:49.894Z", "groups": [], "user_permissions": []}}, {"model": "auth.user", "pk": 23, "fields": {"password": "pbkdf2_sha256$216000$qBviMyzBDUyu$G7rIuy3x9gxHxO2IePOCy0OhhcfYeKYvG3LfP48nwZo=", "last_login": "2021-02-03T05:56:14.020Z", "is_superuser": false, "username": "sanika_joglekar01", "first_name": "", "last_name": "", "email": "sanikarjoglekar@gmail.com", "is_staff": false, "is_active": true, "date_joined": "2021-02-02T04:27:14.870Z", "groups": [], "user_permissions": []}}, {"model": "auth.user", "pk": 24, "fields": {"password": "pbkdf2_sha256$216000$SYJ3mSXlSdnT$rR+NYBuJErOZyYEHbahCAoR+Q2dlZ2uZFyKoRHb17bc=", "last_login": "2021-02-02T04:33:52.564Z", "is_superuser": false, "username": "Arp3110", "first_name": "", "last_name": "", "email": "amiteshrpatil@gmail.com", "is_staff": false, "is_active": true, "date_joined": "2021-02-02T04:33:35.843Z", "groups": [], "user_permissions": []}}, {"model": "auth.user", "pk": 25, "fields": {"password": "pbkdf2_sha256$216000$5AABPrR4bePC$0ssWE50fSWB1p5khHnqnFK+6nhmUp+tV9QamX8qfjdI=", "last_login": "2021-02-02T05:04:53.490Z", "is_superuser": false, "username": "chinmayhardikar", "first_name": "", "last_name": "", "email": "chinmayhardikar2001@gmail.com", "is_staff": false, "is_active": true, "date_joined": "2021-02-02T05:04:33.034Z", "groups": [], "user_permissions": []}}, {"model": "auth.user", "pk": 26, "fields": {"password": "pbkdf2_sha256$216000$os2m0FbHSFlW$MBJZMHzZzrzMa3IwDOrPrP3o3xjKTaV/1ySY8tzi7gM=", "last_login": "2021-02-02T11:51:43.171Z", "is_superuser": false, "username": "shivanshuman021", "first_name": "", "last_name": "", "email": "shivanshuman021@gmail.com", "is_staff": false, "is_active": true, "date_joined": "2021-02-02T11:51:36.002Z", "groups": [], "user_permissions": []}}, {"model": "auth.user", "pk": 27, "fields": {"password": "pbkdf2_sha256$216000$tNgBxogvsp5m$wR9QIrAswu+++uUfJowh52wKmtjU7aYObrxskwlPZRo=", "last_login": "2021-02-02T14:51:29.088Z", "is_superuser": false, "username": "addyahardikar", "first_name": "", "last_name": "", "email": "addyahardikar@gmail.com", "is_staff": false, "is_active": true, "date_joined": "2021-02-02T14:51:04.053Z", "groups": [], "user_permissions": []}}, {"model": "auth.user", "pk": 28, "fields": {"password": "pbkdf2_sha256$216000$yfGMAUS7beMU$2Ga6INGWCqvLNSN1v6XbjetB6g3oRs9qGLnvZWTUl/M=", "last_login": "2021-02-02T14:51:41.575Z", "is_superuser": false, "username": "pr0wl", "first_name": "", "last_name": "", "email": "wildlifemylife@gmail.com", "is_staff": false, "is_active": true, "date_joined": "2021-02-02T14:51:29.261Z", "groups": [], "user_permissions": []}}, {"model": "auth.user", "pk": 29, "fields": {"password": "pbkdf2_sha256$216000$qHLvtJW2sTmd$3luq5ReG6l+ABZnXvVf+p9icXnDyTv94JEdgoPNorcg=", "last_login": "2021-02-02T15:08:02.365Z", "is_superuser": false, "username": "12345", "first_name": "", "last_name": "", "email": "muktahardikar@yahoo.com", "is_staff": false, "is_active": true, "date_joined": "2021-02-02T15:07:45.274Z", "groups": [], "user_permissions": []}}, {"model": "auth.user", "pk": 30, "fields": {"password": "pbkdf2_sha256$216000$aOpNMOsIPNnV$Hz2AZphIb0YfcjtzrK/J92zIszc2pFU99LputlFDvbY=", "last_login": "2021-02-02T16:02:28.064Z", "is_superuser": false, "username": "Ideas", "first_name": "", "last_name": "", "email": "vikramhardikar@yahoo.com", "is_staff": false, "is_active": true, "date_joined": "2021-02-02T16:01:10.113Z", "groups": [], "user_permissions": []}}, {"model": "auth.user", "pk": 31, "fields": {"password": "pbkdf2_sha256$216000$rEYeBarXQHkm$rSWSebWu1MP/g7KEHTlzZTzWV6VviBatiAevprLF2kA=", "last_login": "2021-02-03T13:24:08.579Z", "is_superuser": false, "username": "Aryan", "first_name": "", "last_name": "", "email": "aefgdg@gmail.com", "is_staff": false, "is_active": true, "date_joined": "2021-02-03T13:24:01.973Z", "groups": [], "user_permissions": []}}, {"model": "auth.user", "pk": 32, "fields": {"password": "pbkdf2_sha256$216000$15t2pI9YpNjc$M33ztDlGHarljHzhBO00Te5cH9KpggQkzQt8C39Z4HA=", "last_login": null, "is_superuser": false, "username": "NIkunj", "first_name": "", "last_name": "", "email": "vajipek599@poetred.com", "is_staff": false, "is_active": true, "date_joined": "2021-02-03T17:47:57.959Z", "groups": [], "user_permissions": []}}, {"model": "auth.user", "pk": 33, "fields": {"password": "pbkdf2_sha256$216000$3FoTLXwXDphV$DSe5xc7Zx2nUfMpyZLganJXVwuvc+vRhhBaLQeIqz6U=", "last_login": "2021-02-03T17:50:00.097Z", "is_superuser": false, "username": "vermanikunj", "first_name": "", "last_name": "", "email": "vajipek599@poetred.com", "is_staff": false, "is_active": true, "date_joined": "2021-02-03T17:49:38.964Z", "groups": [], "user_permissions": []}}, {"model": "auth.user", "pk": 34, "fields": {"password": "pbkdf2_sha256$216000$N8jEz446aOGo$Q1/8wH3HESYtowKeAAt4XkzaZ0yfhh0snlCs8GVUp7E=", "last_login": "2021-02-08T09:09:58.760Z", "is_superuser": false, "username": "VatsuOP", "first_name": "", "last_name": "", "email": "vatsalkumar14@gmail.com", "is_staff": false, "is_active": true, "date_joined": "2021-02-08T09:09:21.916Z", "groups": [], "user_permissions": []}}, {"model": "auth.user", "pk": 35, "fields": {"password": "pbkdf2_sha256$216000$yQiKiouqmj2V$mYlg5k/fVpEuzDRV+4smUM5wkr5YNrArzRXQp5iKYqA=", "last_login": "2021-03-23T18:23:51.715Z", "is_superuser": false, "username": "slug", "first_name": "", "last_name": "", "email": "hhh@hhh.com", "is_staff": false, "is_active": true, "date_joined": "2021-03-23T18:23:46.745Z", "groups": [], "user_permissions": []}}, {"model": "contenttypes.contenttype", "pk": 1, "fields": {"app_label": "admin", "model": "logentry"}}, {"model": "contenttypes.contenttype", "pk": 2, "fields": {"app_label": "auth", "model": "permission"}}, {"model": "contenttypes.contenttype", "pk": 3, "fields": {"app_label": "auth", "model": "group"}}, {"model": "contenttypes.contenttype", "pk": 4, "fields": {"app_label": "auth", "model": "user"}}, {"model": "contenttypes.contenttype", "pk": 5, "fields": {"app_label": "contenttypes", "model": "contenttype"}}, {"model": "contenttypes.contenttype", "pk": 6, "fields": {"app_label": "sessions", "model": "session"}}, {"model": "contenttypes.contenttype", "pk": 7, "fields": {"app_label": "blog", "model": "post"}}, {"model": "contenttypes.contenttype", "pk": 8, "fields": {"app_label": "users", "model": "profile"}}, {"model": "sessions.session", "pk": "0mlut2pn7a3yt6afqfg60qqzoy4j9by3", "fields": {"session_data": "e30:1ks1fO:bHjdsQ5Hup-FIorGLr7-y5nsvz0vVxwOMpAyYlRRrTI", "expire_date": "2021-01-06T10:46:50.802Z"}}, {"model": "sessions.session", "pk": "1csd5tud8xapy1kp7ldqazpnvmzccp4l", "fields": {"session_data": ".eJxVjDsOwjAQBe_iGln-rH-U9JzBsr1rHECOFCcV4u4QKQW0b2bei8W0rS1ug5Y4ITszpdjpd8ypPKjvBO-p32Ze5r4uU-a7wg86-HVGel4O9--gpdG-dQAvJQidyGahlBBgUUpnwRdrqg46G2c8WQ2yGiKnLeaAqgbnBGmo7P0BxNY2ww:1l6mt7:N78BlBwU50OYHDEJW6B_4LYykLGbPqp2E2KUEtXPE0o", "expire_date": "2021-02-16T04:02:01.329Z"}}, {"model": "sessions.session", "pk": "2ey0rntib4yxuuuuo5z35gejhwz7b8wf", "fields": {"session_data": ".eJxVjEEOwiAQRe_C2hChDIJL956hGWYGqRpISrsy3l2bdKHb_977LzXiupRx7TKPE6uzMkEdfseE9JC6Eb5jvTVNrS7zlPSm6J12fW0sz8vu_h0U7OVbgyfvnA_kDGQXIQuceBgSRkShcDTEHLOX5HOIJqKJYNEGmyEjmYTq_QEOljiq:1l6mDQ:gg_68aXrY-fxMs8NrAJ-HMRxV0VFxo5kiG_ZUMLY0dY", "expire_date": "2021-02-16T03:18:56.734Z"}}, {"model": "sessions.session", "pk": "365bt25175v0z7ea35vugxxcdkkdw8jj", "fields": {"session_data": ".eJxVjEEOwiAQRe_C2hAqMBSX7j0DmWFAqgaS0q6Md7dNutDtf-_9twi4LiWsPc1hYnERWovT70gYn6nuhB9Y703GVpd5Irkr8qBd3hqn1_Vw_w4K9rLVgFbj4Aw4kyGnkQx5RiLirJnQsT0b5zIA-DFq8sppowzaaIcNKCs-Xxt5N98:1l7MHw:--KSVfuri6jrJOS_LF4yOH0nUnz0Iigh4nllijVqo0g", "expire_date": "2021-02-17T17:50:00.248Z"}}, {"model": "sessions.session", "pk": "3enbdqrl8sxkenpt7p407yq0780rzmtj", "fields": {"session_data": ".eJxVjDsOwjAQBe_iGln-rH-U9JzBsr1rHECOFCcV4u4QKQW0b2bei8W0rS1ug5Y4ITszyU6_W07lQX0HeE_9NvMy93WZMt8VftDBrzPS83K4fwctjfatvfOWglNGGIU2BagEUKUVQitdTcBSSUPOAgSUqhwVL3zRSFhBOqnY-wPFdDd4:1l7htC:2foKCZJlpfzrKk_n8BF149rBt115FXvzmRWu2uX3q14", "expire_date": "2021-02-18T16:53:54.540Z"}}, {"model": "sessions.session", "pk": "3fqe3rfzgfr7pj7oyk60o9ywgi5p41qa", "fields": {"session_data": ".eJxVjEEOwiAQRe_C2pABpIBL9z0DmYGpVA1NSrsy3l1JutDte-__l4i4byXujdc4Z3EROojTLyRMD67d5DvW2yLTUrd1JtkTedgmxyXz83q0fwcFW_mu6RyQfSa0xgLZgewUGAySVqyz6jglYxV4MzF68F47B0mBTuidHsT7AxeBN8I:1l6xHe:Yn9AzedLzKfnJSKflKneQe_LsFtW0noTwCKLPf-ug3o", "expire_date": "2021-02-16T15:08:02.520Z"}}, {"model": "sessions.session", "pk": "3in4q4mirjqlfa4cwf2kpt3yg3dfn9eh", "fields": {"session_data": ".eJxVjMsOwiAQRf-FtSG8hMGl-34DGWCQqoGktCvjv2uTLnR7zzn3xQJuaw3boCXMmV2YFuz0O0ZMD2o7yXdst85Tb-syR74r_KCDTz3T83q4fwcVR_3WQoAyBQhTtsU7E1GDihoAnUlnq2KR0npLEg0IVUhk8uCBHJElkTx7fwACFzgg:1l6y8K:tKIGB7SsihXyW08HVoNwPu-UuIIa-00jLv8r_508kl4", "expire_date": "2021-02-16T16:02:28.242Z"}}, {"model": "sessions.session", "pk": "72p8hrmggs2laongdzslse2n9cwr9o16", "fields": {"session_data": ".eJxVjDsOwjAQBe_iGlmbjT9ZSnrOYK3tNQ6gWMqnQtwdIqWA9s3Me6nA21rDtsgcxqzOCr06_Y6R00OmneQ7T7emU5vWeYx6V_RBF31tWZ6Xw_07qLzUb80OiQpYY4tJ1pHIgIYy9h1A6QlNKUMiZGJy6MBjzJH6Al4GSJ2Aen8A61c3XA:1l6x1d:oDXdlw5Rp7Id4KWUNJSYcT9dLcWDJSWavKRy5NRRxoI", "expire_date": "2021-02-16T14:51:29.199Z"}}, {"model": "sessions.session", "pk": "a9yr935br6mkpqppuv9w14mn8mw0i211", "fields": {"session_data": ".eJxVjEEOwiAQRe_C2hCGwpS6dO8ZyDBMpWpoUtqV8e7apAvd_vfef6lI21ri1mSJU1ZnBZ06_Y6J-CF1J_lO9TZrnuu6TEnvij5o09c5y_NyuH8HhVr51giBHIqMAMAdA3E2Pjnjsc8-BQwkhIwWMYAA2T6LcXYIIzkDA4N6fwAFSjfD:1l6lVH:g2E-eWz3H89aETJzE48FCOGVmlzmTy-G1_SHICd_DXk", "expire_date": "2021-02-16T02:33:19.687Z"}}, {"model": "sessions.session", "pk": "aive58m7m2y8feq38g2s4vnccxiaysqe", "fields": {"session_data": ".eJxVjDsOwjAQBe_iGlmL_6Gkzxksr3eDA8iW4qRC3B0ipYD2zcx7iZi2tcSt8xJnEhehQJx-R0z5wXUndE_11mRudV1mlLsiD9rl2Iif18P9Oyipl2_N6MArzMGC8ZY0W_CICN6FjBMNyU9gOSiXPcE5EAV22mgGMgM4SuL9AQtyODY:1l6mOQ:barckHeh08ARepQhCgGCZTT7MOdKnnA1t5HUwOxFuLE", "expire_date": "2021-02-16T03:30:18.932Z"}}, {"model": "sessions.session", "pk": "avu6eogk92k2bqfxk08o5o4eiinkjk6g", "fields": {"session_data": ".eJxVjDsOwyAQBe9CHSG8mF_K9D4DgmUJTiKQjF1FuXtsyUXSvpl5b-bDtha_dVr8nNiVScUuv2MM-KR6kPQI9d44trouc-SHwk_a-dQSvW6n-3dQQi97rQwo7UhYIKPHHIwUToKOqMGikoKEsdmQcpkQhgigdj4YgWNIUSRkny_akTdJ:1lOlh1:xSG0XL6lYKCl3z-w5ZhcfUtjXPO0GuyuYQwIWevc6Ek", "expire_date": "2021-04-06T18:23:51.778Z"}}, {"model": "sessions.session", "pk": "bdp120p1e20m7mtt73d88cji2eighdr5", "fields": {"session_data": ".eJxVjDsOwjAQRO_iGln-r0NJnzNYa3uNA8iR4qRC3J1ESgHVSPPezJsF3NYatk5LmDK7Mgns8ltGTE9qB8kPbPeZp7mtyxT5ofCTdj7OmV630_07qNjrvtYuFgVOFqEsFfDGy2i0TWjJa9Qi58EZTUZIcih0ojRA3jMpo8CCZJ8v9lY3bw:1l6m4Y:X69woAsSY7VPyE4mC-3cdLyzVRU5bmNrlo_pN7SL31M", "expire_date": "2021-02-16T03:09:46.948Z"}}, {"model": "sessions.session", "pk": "bu6l8m744d3lbc3wmnmd4d81kdnjov3h", "fields": {"session_data": ".eJxVjDsOwjAQBe_iGln-rH-U9JzBsr1rHECOFCcV4u4QKQW0b2bei8W0rS1ug5Y4ITszpdjpd8ypPKjvBO-p32Ze5r4uU-a7wg86-HVGel4O9--gpdG-dQAvJQidyGahlBBgUUpnwRdrqg46G2c8WQ2yGiKnLeaAqgbnBGmo7P0BxNY2ww:1l6mt6:0hAFIq1Uk4I2Kj3rS_G9LRaAh17YsHYtzdkaemqqR0I", "expire_date": "2021-02-16T04:02:00.014Z"}}, {"model": "sessions.session", "pk": "e0ugjtv1xs3fg59hforsnxa64ojykz9t", "fields": {"session_data": ".eJxVjDsOwjAQBe_iGln-rH-U9JzBsr1rHECOFCcV4u4QKQW0b2bei8W0rS1ug5Y4ITszyU6_W07lQX0HeE_9NvMy93WZMt8VftDBrzPS83K4fwctjfatvfOWglNGGIU2BagEUKUVQitdTcBSSUPOAgSUqhwVL3zRSFhBOqnY-wPFdDd4:1l8dBs:9KI-gBO-LfuIokEICS-Bh78aDO6OTvy9w2xYCKUkCoQ", "expire_date": "2021-02-21T06:05:00.433Z"}}, {"model": "sessions.session", "pk": "ewgs8l1f7fixnohjcjnd9re3g6cywx9i", "fields": {"session_data": ".eJxVjMsOwiAQRf-FtSG8YVy69xsIzIBUDU1KuzL-uzbpQrf3nHNfLKZtbXEbZYkTsTOTwE6_Y074KH0ndE_9NnOc-7pMme8KP-jg15nK83K4fwctjfatwaUiRZWUVfK-giPrgy7WVvJOCchaqOAIrAm6OswF0KDJChChVg3s_QEHzTgy:1l6mHC:2WNbHi24ICUbUoWCGAuefTbjBEW9vggYYeHdzdRV3EY", "expire_date": "2021-02-16T03:22:50.449Z"}}, {"model": "sessions.session", "pk": "h6sn8068z76u9ox873lgs48sulqjp940", "fields": {"session_data": ".eJxVjDsOwjAQBe_iGln-rH-U9JzBsr1rHECOFCcV4u4QKQW0b2bei8W0rS1ug5Y4ITszyU6_W07lQX0HeE_9NvMy93WZMt8VftDBrzPS83K4fwctjfatvfOWglNGGIU2BagEUKUVQitdTcBSSUPOAgSUqhwVL3zRSFhBOqnY-wPFdDd4:1l59R3:h8eVN3T-no4srXahGsLJcAm08-b-xDXuboaA424b3OU", "expire_date": "2021-02-11T15:42:17.021Z"}}, {"model": "sessions.session", "pk": "j96btz8oinrtkg86igjfqoyc7e3snj86", "fields": {"session_data": ".eJxVjEEOwiAQRe_C2hAYLDAu3XsGMjAgVUOT0q6MdzckXej2v_f-WwTatxr2ntcws7gIsOL0O0ZKz9wG4Qe1-yLT0rZ1jnIo8qBd3hbOr-vh_h1U6nXUHsjZYpnAGO9K8RoNMigoiU1iz-cU46TIquidy5qYFU4ZQWtkg-LzBRb8OEQ:1l6uDf:l0ouZsgfdhBvNUNnmhKJEjTh7zQSv8Ad9LwCZb26KzM", "expire_date": "2021-02-16T11:51:43.284Z"}}, {"model": "sessions.session", "pk": "khycz3z1p2z5rr8wdq3kgf7rxvqe80nr", "fields": {"session_data": ".eJxVjE0OwiAYBe_C2hCgQNGle89Avh-QqoGktCvj3W2TLnT7Zua9RYR1KXHtaY4Ti4swQZx-RwR6proTfkC9N0mtLvOEclfkQbu8NU6v6-H-HRToZavd6D0xmSHDCJkQFVOwFtEphqS99Zi1OsOgAxkaPEIyoLzZzJDYofh8ATd3OWY:1l6x1p:Djo7EWN4pHygzWeV9b8ElnSnPD7z3sU5xH_R58GT71o", "expire_date": "2021-02-16T14:51:41.703Z"}}, {"model": "sessions.session", "pk": "mef90dupcblp0wqvk6qk9vdcy4b3xci4", "fields": {"session_data": ".eJxVjDsOwjAQBe_iGln-rH-U9JzBsr1rHECOFCcV4u4QKQW0b2bei8W0rS1ug5Y4ITszyU6_W07lQX0HeE_9NvMy93WZMt8VftDBrzPS83K4fwctjfatvfOWglNGGIU2BagEUKUVQitdTcBSSUPOAgSUqhwVL3zRSFhBOqnY-wPFdDd4:1l6WMt:Kjv8-Hb5a8WDqhqNgjj5_RBSZH_8mq9EUH67RtrbcwY", "expire_date": "2021-02-15T10:23:39.588Z"}}, {"model": "sessions.session", "pk": "mqdop6fobpmit6x94zfotzagsx1tful8", "fields": {"session_data": ".eJxVjEEOwiAQRe_C2hCgUMCle89ApjODVA0kpV0Z765NutDtf-_9l0iwrSVtnZc0kzgLK06_2wT44LoDukO9NYmtrss8yV2RB-3y2oifl8P9OyjQy7d2bNSIgcAYJB-t9-C0dd7jOAxOo80GNdFgIVrCrIPPSgWKgbNxWbF4fwDSyTev:1kiBvH:dipcxpNFkumE4k_sdBpgFqpIWoTrR4ij9Q0-Hw8xLt0", "expire_date": "2020-12-10T07:42:35.355Z"}}, {"model": "sessions.session", "pk": "mzv59x1qbaq3tr9g2vj8eq726zd7jfat", "fields": {"session_data": ".eJxVjMsOwiAQRf-FtSEgA05duu83kBkeUjWQlHZl_HfbpAvd3nPOfQtP61L82tPspyiuwoA4_Y5M4ZnqTuKD6r3J0OoyTyx3RR60y7HF9Lod7t9BoV62WmFOYDgzMGZ2bCABKAtZM1oezi5oBXZwqA1E1BfEEElTYHIbykZ8vgoZOAQ:1l92YQ:SwD8rMWmVUZZmqpCwC_2z4GKjz9gLgQsCdz11uSxnQI", "expire_date": "2021-02-22T09:09:58.992Z"}}, {"model": "sessions.session", "pk": "n3u3sotjsj1m35mg00x6f2xbynrwwmff", "fields": {"session_data": ".eJxVjDsOwjAQBe_iGln-YWcp6XMGa71ekwCypTipEHeHSCmgfTPzXiLitk5x67zEOYuL0E6cfseE9OC6k3zHemuSWl2XOcldkQftcmyZn9fD_TuYsE_fGvXZDGQHUmyheCilqKQBrCcDIZsSKOfgaUjICgKzckYZC5SAnSUU7w8QdDh4:1l6lyd:85IYWBgRrH3EKEISpwJgMHti9OpSM9663sOMV9WhGr4", "expire_date": "2021-02-16T03:03:39.651Z"}}, {"model": "sessions.session", "pk": "o1ysd5zgo6giu6hcbgx0oacdlb16l2tx", "fields": {"session_data": ".eJxVjDsOwjAQBe_iGln-fyjpcwbLu97gAHKkOKkQdyeRUkA7M--9WcrbWtPWaUlTYVcmLbv8Qsj4pHaY8sjtPnOc27pMwI-En7bzYS70up3t30HNve5rEDFALAGVMeSNJSvk6HwUUpEumAlHpwj0DoWxQSrnDXjtJcqQrVbs8wX62TdF:1l6m1v:2yG-NI0wbCXO3BoANBT42yj-XfKelvQuZ9Jng-3nzKM", "expire_date": "2021-02-16T03:07:03.471Z"}}, {"model": "sessions.session", "pk": "ouajcib5qb44khdk027gnc1gi79ncb7g", "fields": {"session_data": ".eJxVjDsOwyAQRO9CHSEvX5Myvc-AgF2CkwgkY1dR7h5bcpF0o3lv5s182Nbit06Ln5FdmZDs8lvGkJ5UD4KPUO-Np1bXZY78UPhJO58a0ut2un8HJfSyrwMMORp0mgyoMChwpARmCQKMNVaSimD0aNQeaETUECNlrbPFjC459vkC-kE4Qw:1l7B9C:SWU1lULzX3pFuP9VCINE5pDEyPU9_mIHTMXrp1bbbJg", "expire_date": "2021-02-17T05:56:14.310Z"}}, {"model": "sessions.session", "pk": "pg36t843eiiuhex9vhypaiepeqaf699m", "fields": {"session_data": ".eJxVjDsOwjAQBe_iGln-rH-U9JzBsr1rHECOFCcV4u4QKQW0b2bei8W0rS1ug5Y4ITszyU6_W07lQX0HeE_9NvMy93WZMt8VftDBrzPS83K4fwctjfatvfOWglNGGIU2BagEUKUVQitdTcBSSUPOAgSUqhwVL3zRSFhBOqnY-wPFdDd4:1ktZ96:4Q_JZ0Yl7GYwMeiVEF-iMr8g7MotzJXfbXIxttF0wGw", "expire_date": "2021-01-10T16:43:52.385Z"}}, {"model": "sessions.session", "pk": "pgpr9o3heriu9epodm0uczj9ucd0v09l", "fields": {"session_data": ".eJxVjDEOwyAUQ-_CXCEgEKBj95wBffI_JW0FUkimqncvkTK0iyX72X6zAPuWw95oDQuyK1OSXX7DCPOTykHwAeVe-VzLti6RHxV-0sanivS6nd2_gwwt93V02jlSaZZgzWCkUwlNElZIKTVp7IqYhLJIAyF450W3YxIOhB-jZ58v-fU31A:1l6mmi:XXXr2oCUJpyoLEY3qaZeJwLLqINlZJUV_7iM_VQ-H98", "expire_date": "2021-02-16T03:55:24.926Z"}}, {"model": "sessions.session", "pk": "sky33v8t6hpzflfo7310ajhgh25idxne", "fields": {"session_data": ".eJxVjDsOwyAQRO9CHSEvX5Myvc-AgF2CkwgkY1dR7h5bcpF0o3lv5s182Nbit06Ln5FdmZDs8lvGkJ5UD4KPUO-Np1bXZY78UPhJO58a0ut2un8HJfSyrwMMORp0mgyoMChwpARmCQKMNVaSimD0aNQeaETUECNlrbPFjC459vkC-kE4Qw:1l6nHp:tQzVfjPYmuH1uKlueDeZSvRy2vGG7gGp8zNdLLZlho8", "expire_date": "2021-02-16T04:27:33.905Z"}}, {"model": "sessions.session", "pk": "ug8d3f9ozdllk4g820at47tfw8vrseqf", "fields": {"session_data": ".eJxVjDsOwjAQBe_iGln-rH-U9JzBsr1rHECOFCcV4u4QKQW0b2bei8W0rS1ug5Y4ITszyU6_W07lQX0HeE_9NvMy93WZMt8VftDBrzPS83K4fwctjfatvfOWglNGGIU2BagEUKUVQitdTcBSSUPOAgSUqhwVL3zRSFhBOqnY-wPFdDd4:1lOZVw:c59NS-G9mhogrwX8BiX94PUttjnDMrG92CjMaFxkFnY", "expire_date": "2021-04-06T05:23:36.006Z"}}, {"model": "sessions.session", "pk": "uuiyga259i40589wh6rzfvcqp7mejknf", "fields": {"session_data": ".eJxVjMEOwiAQRP-FsyELdYF69O43ENgFqRpISnsy_rtt0oMmc5r3Zt7Ch3Upfu1p9hOLi1BGnH7LGOiZ6k74Eeq9SWp1macod0UetMtb4_S6Hu7fQQm9bGsYyIAL2nHSAcDY0Vi07JKLSKhcThFB6QHREW1BrZAxA2eOMMJZfL7v7Del:1l6m2b:x4gLpz8njLD2QKZ6Ya7c2GC33O2caL1uRkRIDJ7FZFY", "expire_date": "2021-02-16T03:07:45.283Z"}}, {"model": "sessions.session", "pk": "ye8x6v8z9a1g6m4bhj1dk9kzmfgq4jaz", "fields": {"session_data": ".eJxVjDsOwjAQBe_iGln-rH-U9JzBsr1rHECOFCcV4u4QKQW0b2bei8W0rS1ug5Y4ITszyU6_W07lQX0HeE_9NvMy93WZMt8VftDBrzPS83K4fwctjfatvfOWglNGGIU2BagEUKUVQitdTcBSSUPOAgSUqhwVL3zRSFhBOqnY-wPFdDd4:1lDlzn:4wVCEzPrpcp93hx0xWKZ6MlH9lpd_yhgDDnfhhfFvUk", "expire_date": "2021-03-07T10:29:47.992Z"}}, {"model": "sessions.session", "pk": "zfkks1bh7k5lv73gqcgukuqh3jqowqs1", "fields": {"session_data": ".eJxVjMsOwiAQRf-FtSFAebp07zeQGRikaiAp7cr479qkC93ec859sQjbWuM2aIlzZmcmFTv9jgjpQW0n-Q7t1nnqbV1m5LvCDzr4tWd6Xg7376DCqN9ag0_oPKlgYDIpSRST9ygx0CRtEd5ZVQoYgV4H4SxIaQ2m4EhrNIDs_QEALzfU:1l6gcD:fpnJr9ZIhxULbiiVUqlBmKjxrSbsLrdOgESrdteesHA", "expire_date": "2021-02-15T21:20:09.531Z"}}, {"model": "sessions.session", "pk": "zhbq72m22i1o8utc6bwvuclpzj1cbbkq", "fields": {"session_data": ".eJxVjDsOwjAQBe_iGln-rH-U9JzBsr1rHECOFCcV4u4QKQW0b2bei8W0rS1ug5Y4ITszyU6_W07lQX0HeE_9NvMy93WZMt8VftDBrzPS83K4fwctjfatvfOWglNGGIU2BagEUKUVQitdTcBSSUPOAgSUqhwVL3zRSFhBOqnY-wPFdDd4:1lRqdo:aeuc_3zbbHFXW4QEXaU4bahcvh8ByFTSUhYtryG_H90", "expire_date": "2021-04-15T06:17:16.729Z"}}]